Vento Inverno; Vento Primavera; Vento Verão; Vento Outono
16,50495;7,44762;14,87271;34,86992
19,22727;1,90053;15,46281;31,1673
12,63077;10,17826;8,18555;48,0243
15,41349;10,41283;9,40786;45,41918
5,17148;4,85487;22,82368;40,33421
3,57586;2,00095;10,14395;53,65521
4,5872;2,02067;1,85216;21,39447
4,85345;3,44875;0,9234;19,1169
11,70716;6,1226;13,8878;44,76322
16,07202;4,53374;19,54206;43,00301
5,10845;10,89617;1,85061;37,40382
12,57265;15,09639;20,29838;54,7549
3,63263;11,15917;14,93357;36,2395
5,27974;1,03266;5,62419;29,2344
3,49344;2,69611;4,70048;29,23521
13,96167;5,58755;2,00477;56,5496
14,42875;14,63897;0,97735;66,5209
3,63725;4,76463;9,9552;39,216
4,34975;5,97735;9,1382;30,76954
16,081;0,4436;12,36981;30,41662
6,94058;10,85918;21,10695;48,59179
13,38046;4,49608;4,14449;41,21032
11,66164;0,07209;21,27039;48,76587
15,49859;3,76151;10,65367;47,67648
0,6094;2,44563;13,76485;10,34325
18,79451;9,10369;5,06084;52,34469
1,68619;1,29724;5,5123;41,58522
7,45548;6,72193;17,71817;17,94033
12,53287;2,97019;11,15252;38,43802
14,79354;11,96943;4,61767;47,12136
14,67752;2,16969;3,25253;26,28996
16,3596;18,74696;15,6726;51,91249
2,3534;6,93712;0,40907;26,69906
1,82848;6,99737;16,70146;14,8586
15,43915;4,10376;8,66002;29,19901
17,60765;9,87337;3,60708;46,85296
10,97451;3,83711;7,27357;49,60236
17,12306;0,92535;4,57784;34,34677
12,70452;12,27973;2,87514;35,61114
0,73511;3,05834;5,32865;54,79509
3,10546;4,02934;5,98855;44,5765
12,23782;6,53098;6,66471;63,61657
7,34559;15,38836;6,6548;35,82693
3,89442;10,94168;10,54788;40,21741
3,63384;8,69095;16,67992;41,22533
6,96242;0,16072;4,1912;40,34688
19,40957;5,91246;11,41612;38,27821
9,66127;5,78951;10,72923;70,20828
17,82647;5,13957;1,05775;19,01709
9,53589;1,05573;3,27783;26,40119
3,98384;12,68626;9,5987;38,07202
12,16893;16,33115;7,99214;41,57512
5,35827;0,6836;5,46338;50,30466
13,19514;9,70835;23,535;25,05277
5,88889;17,01526;4,5003;44,46178
5,57083;1,90039;8,96874;38,84327
18,16932;13,86663;12,69126;31,47889
19,05155;8,87321;0,01651;24,78
3,19944;4,11273;0,79702;18,80795
3,83121;2,21042;9,53428;47,5521
12,15007;1,75765;14,12319;44,2251
15,29565;6,28123;10,66359;44,63539
9,59373;1,02867;15,53203;64,76988
1,84387;7,08633;3,29082;52,01049
2,65461;0,05561;2,80569;13,82934
2,72998;11,53007;0,28669;40,79177
5,53084;5,66492;11,64015;29,45663
7,87907;9,73094;19,00673;44,96855
13,84215;6,25615;13,38832;16,38762
16,63004;2,88312;2,49248;45,46248
8,2562;15,07902;13,83595;55,62133
17,35858;6,79843;2,05835;26,69682
11,84651;3,0326;16,52321;30,23999
14,9334;7,93213;4,2501;36,28836
10,63522;13,59736;1,6355;31,01984
17,95881;3,79819;1,19358;52,22725
11,77385;14,95991;7,91203;53,63648
2,75687;15,11626;4,14162;26,10225
18,81502;16,33334;3,25231;55,32103
16,04208;9,79601;9,11588;39,93495
8,52847;12,6269;13,52828;44,28628
3,24188;5,87341;0,10392;31,22656
18,7143;12,89287;6,24264;41,99319
14,41603;4,08715;11,01005;50,10668
1,46672;0,47421;16,91916;26,88342
4,72792;7,92062;2,86886;28,21356
1,34132;18,00147;18,37524;48,95767
11,42114;14,03624;2,78473;42,32795
2,87906;6,02384;10,41788;56,24321
14,25414;19,38501;0,98894;55,52561
16,94005;4,8431;8,84821;21,54206
11,3464;4,75936;1,56542;44,04114
0,30028;17,22108;9,23709;42,16174
7,38903;3,78852;5,37751;51,11021
7,9644;7,51944;9,26374;20,24831
16,17303;8,90916;16,8953;60,91301
2,64773;0,89505;4,8833;36,68646
4,38829;3,29372;3,11707;34,02521
10,88055;10,22767;12,76575;53,19558
8,64646;0,27579;8,56743;54,90016
0,18783;6,97084;13,78726;52,86708
2,6808;5,56479;8,69477;31,85125
16,79752;9,16014;9,07716;51,51905
16,67626;3,78039;17,44093;57,775
8,33057;1,01863;7,239;48,52518
15,68266;2,63166;1,60789;54,78103
0,92571;2,98983;1,82665;36,67174
9,06438;11,09766;2,84706;38,37021
5,25222;5,69982;14,38106;32,8047
7,93945;5,34951;2,26366;31,28637
10,8637;5,71111;10,26856;58,70628
12,56135;14,15953;3,23511;35,48806
13,34612;13,09415;5,41551;37,19863
16,59653;4,80196;12,7542;26,35168
3,71309;2,08201;14,62845;24,14005
0,25075;5,84589;12,74476;66,19091
14,50163;13,42742;2,83047;54,38702
9,19754;5,46536;12,14045;18,58043
2,02149;4,81427;0,50084;52,34326
1,26166;11,98872;3,151;41,6761
9,21115;4,96983;1,86839;42,11306
7,81094;13,21982;2,5666;52,26987
18,55365;0,72157;0,92595;41,90054
1,80937;7,79326;1,99863;36,42699
9,50534;3,61332;0,23064;59,92986
9,48478;6,65128;13,7275;71,33794
19,89071;8,76601;15,70336;44,98728
7,56412;3,31315;6,46162;35,12101
15,7164;1,48164;1,35761;53,67063
13,02949;6,81516;6,58382;61,92368
18,85755;2,01248;12,11773;31,18792
17,34802;3,49127;9,05512;39,5876
7,06953;5,44158;3,84754;39,96632
2,12884;15,43833;18,14222;51,74386
5,7783;10,97858;10,3943;46,78
18,16005;2,23174;13,26084;45,715
16,10244;2,27554;6,94029;39,46118
14,77906;5,18261;12,04659;33,36905
8,55995;2,22625;22,86369;43,04736
11,52923;1,53678;12,88544;25,01016
16,91306;9,44953;15,26811;41,01076
9,05604;9,86364;0,33736;54,20304
11,60407;5,01224;3,20931;46,92212
1,1959;5,37392;14,53107;62,83577
17,23536;12,27791;3,15024;19,98985
15,21066;5,98613;13,45876;41,85264
3,54674;3,11881;4,21892;43,67329
12,12109;7,37107;4,66228;48,34358
4,34324;8,33184;5,01107;29,87262
4,09225;6,39967;17,2901;40,22496
3,82647;5,63818;13,0907;37,74555
10,82408;2,11516;7,47597;35,15984
14,78262;1,59439;3,67008;57,04442
1,90018;7,03498;10,40863;31,38366
18,08037;2,37246;9,98401;28,99156
17,04801;5,07708;11,462;26,02357
17,93162;10,09629;8,34684;38,29977
1,26357;7,91173;0,78167;57,05643
12,36838;6,279;1,51427;49,64267
16,7537;6,05241;19,17141;49,90303
3,38882;10,83732;13,69226;11,70877
18,64915;6,87156;8,83648;39,47704
16,22561;16,81897;16,90042;24,75723
6,44151;6,11639;21,84966;34,57508
2,18975;6,54631;13,30412;60,48713
8,09718;4,69564;12,6386;34,14137
4,54289;4,4856;5,87148;36,10537
18,80139;3,41796;8,39554;57,1929
11,85142;4,9513;21,66809;40,8663
1,28557;12,89192;2,16351;50,21842
8,27533;5,87572;10,33923;64,17265
19,69101;11,26566;3,28536;45,82444
15,24501;11,09363;12,91152;39,87574
3,92207;10,05027;4,19304;61,12198
3,9791;15,79182;18,06435;48,76412
6,44204;5,2439;6,44072;47,6597
3,29663;13,71903;16,14151;54,12836
18,46464;2,21478;14,67348;22,68306
12,17629;5,30049;1,7071;54,47873
17,49456;9,40255;0,2699;36,26358
11,51633;2,74759;10,24657;51,08224
3,16987;0,60234;10,31577;38,79854
14,54788;5,20726;1,3639;73,08971
3,35959;1,8734;0,14713;35,77788
0,35508;1,878;7,84776;37,63373
17,46959;3,85884;7,00075;17,40736
19,95491;9,48032;5,21483;11,29687
8,90971;5,7352;0,51254;40,31749
9,39002;1,6273;3,52093;50,86558
3,67558;2,14474;2,08402;32,67701
9,28765;5,81702;20,56609;50,11917
16,99786;9,30207;14,01976;35,80755
15,33769;15,02703;5,93982;63,2862
15,01241;6,01314;6,46647;46,0386
9,14305;10,84913;12,16166;27,91851
3,40422;18,0778;2,96398;16,02838
3,89553;6,82639;9,76747;31,59104
19,9784;11,28081;10,45842;67,8882
4,33017;18,64077;10,06906;26,76354
13,11126;2,18158;10,7795;16,15383
5,41138;1,05375;1,00707;23,38331
13,03469;10,2112;10,51145;60,98219
19,20382;5,51905;8,99555;36,16412
7,90687;13,93581;18,09589;42,34053
4,38122;5,70574;12,94143;52,80463
1,62248;0,3393;13,41341;52,39843
17,82632;16,10468;3,04468;30,62369
15,31562;10,15455;1,43134;64,13468
12,77492;14,81613;0,12037;38,65915
19,50835;9,56765;1,05095;61,50626
12,95733;11,79312;3,83497;46,74911
8,85821;10,1739;6,04631;60,69077
17,19018;5,54265;11,29574;40,6287
16,45772;2,53745;7,23493;32,72245
13,87188;5,81675;16,17383;57,95216
9,63895;16,75983;16,02186;30,92303
9,83464;15,92292;14,4943;43,18843
14,23644;5,96862;5,25463;35,4971
3,00647;7,68461;4,88914;52,94023
19,26141;6,65372;10,88175;36,85274
13,33597;5,009;11,9753;44,24987
18,94052;17,67764;17,16108;55,4354
11,43331;1,65097;1,58479;67,7359
14,07222;6,41108;15,37312;29,98933
9,38027;10,1409;10,11346;46,56732
19,65393;12,33181;15,62673;58,11114
3,16271;6,15225;22,22292;35,95217
10,73296;6,20246;4,21906;61,94674
1,17842;8,07207;20,23758;56,5715
3,4346;9,11268;4,34034;47,9263
18,27355;9,72958;7,08687;44,97272
13,12017;15,53145;2,69006;37,10128
19,7607;1,4506;12,81758;19,81664
16,62848;10,79188;10,61077;49,56699
4,87189;19,6358;12,23886;59,53805
10,55351;1,67505;14,81743;43,79623
4,09941;1,01841;1,20887;43,45331
2,51176;12,10965;8,42379;43,30873
9,87775;16,43735;4,01484;22,07677
17,35205;17,75797;11,30042;41,99839
5,05974;7,66823;7,73125;38,67333
5,26122;1,08849;2,56269;26,46192
18,63996;4,8941;7,06318;39,20206
3,71863;5,672;2,38523;38,19111
3,17864;19,23215;5,87337;34,7286
10,25267;0,35303;7,5617;47,66745
13,37912;9,6886;13,20976;19,77986
7,95242;11,65551;4,90217;18,78757
10,27194;0,53328;7,06148;45,02258
10,68755;5,21859;12,79379;52,13598
0,45879;14,71683;9,98056;30,97367
19,98956;6,03923;5,97618;39,34599
4,86945;8,06695;1,25446;48,11371
10,54763;18,56712;18,23276;46,90551
16,48466;3,39355;5,60797;70,67137
6,27194;10,29591;3,91017;57,44755
11,47834;7,8079;14,33895;30,05471
13,87789;5,22741;8,41538;37,0042
3,23197;4,33409;9,46693;55,2516
5,94408;0,5709;12,69323;22,16907
13,67454;3,46746;11,78509;36,05084
10,3974;14,70252;6,88119;63,69178
1,40097;0,03919;6,39952;42,28699
8,37815;1,65743;15,42811;10,49549
11,02228;13,00589;19,41866;41,19635
7,43849;2,69121;14,54259;51,57141
13,20054;8,04686;7,93025;29,28754
2,02717;11,13129;13,2122;37,15996
9,8218;9,03895;0,47399;37,39816
18,21391;0,70141;0,78486;42,50352
3,75999;2,67258;16,03334;47,2384
4,60623;5,93833;23,06056;14,92407
17,68514;3,81064;6,7706;62,488
16,41219;1,40165;3,62419;24,6151
11,36882;14,21432;2,57333;37,42703
4,60191;5,44373;18,8706;27,70905
11,94007;5,82287;0,07187;63,73385
7,12111;6,25277;5,27903;40,90841
16,54483;3,08359;5,15708;42,9662
4,1098;12,08802;15,93811;31,00374
11,86216;14,48208;3,61088;51,46207
4,07924;6,90357;12,76854;35,1672
19,93016;12,01694;3,78345;25,78781
13,00017;3,71114;4,37689;49,62894
4,73494;18,36304;0,7469;53,24546
3,2557;3,81773;11,38597;35,86061
19,01555;12,40377;11,85993;34,12732
4,41171;5,97696;11,71085;40,45787
15,73821;2,35669;19,54631;21,64591
2,758;3,44934;3,44903;62,05548
13,69274;14,19488;14,25634;64,7382
1,57344;0,69724;9,21121;35,3486
11,6645;5,01648;9,83027;49,93939
19,06796;11,91434;20,43683;36,23638
10,6349;10,67222;5,3979;28,25393
5,95478;10,35779;21,49779;61,79006
8,46357;2,89762;7,00287;59,4448
9,60583;13,03146;21,72371;49,9753
16,50533;4,30741;16,6506;36,42706
16,74361;10,7274;4,41563;49,1267
12,61515;13,73883;18,62887;40,56282
11,62248;3,22725;0,60232;14,32301
9,99412;8,38051;4,31395;55,88345
11,65263;3,06921;10,53613;37,57182
6,32969;2,87393;0,92796;52,37447
7,41977;4,72518;15,73288;36,5116
2,6831;16,80829;9,31166;35,89122
19,05371;1,83364;5,08201;53,23402
6,57736;3,75023;21,38258;54,26118
5,89897;6,21854;4,60572;72,37061
18,73875;0,90019;0,89341;15,85901
11,44044;2,02553;20,39599;44,99656
7,94502;1,2562;4,82004;24,38455
10,43738;3,7202;2,64004;44,01798
3,43338;6,51948;4,20203;28,25553
10,21876;0,63996;11,36714;49,25986
19,32147;12,65827;15,27571;50,58936
3,09304;2,38067;7,85186;30,40728
10,49435;0,20774;1,78797;42,95494
11,82573;16,77076;1,69525;55,23509
4,41073;5,25741;12,16893;50,07739
15,13753;10,91651;9,37607;14,68621
18,28145;0,74158;0,3428;36,73934
5,17647;3,51055;5,4467;31,20471
16,07346;3,37323;3,02922;22,11787
13,91698;1,31326;11,401;26,17704
4,79236;4,73983;7,78172;26,85476
10,43914;3,78438;8,81218;66,01284
14,49655;7,73115;1,55045;30,6983
16,04113;1,01723;2,58327;26,11458
11,49631;11,19975;2,69549;62,25989
9,13811;7,41953;13,86007;23,4499
19,19075;0,10882;2,26303;40,00483
16,90054;8,87332;9,28716;39,65206
5,99581;13,24703;9,11772;31,18009
15,58522;0,97806;3,73436;44,95892
4,81651;3,73617;12,1626;34,84306
6,51195;3,34806;22,11401;45,46204
13,51649;18,49158;10,12959;59,24945
19,6392;13,78983;1,8142;17,2533
10,83793;12,5201;1,80043;21,38287
1,69171;11,8504;2,77281;54,46544
7,22513;1,95665;2,03306;28,56047
10,79319;14,27408;4,66129;31,44316
15,00475;1,41135;4,47033;50,93322
4,55739;2,11522;9,40376;34,97711
7,37578;3,24111;12,29518;12,75104
13,59038;14,59205;2,1261;39,52358
0,6626;9,08139;3,38237;33,24042
17,35748;1,08535;7,89069;15,73137
19,28396;1,74833;13,5463;37,4974
4,36776;10,3289;17,61538;35,58868
7,89126;6,07441;7,89504;50,62625
3,62926;7,49909;3,0731;56,04235
0,12907;18,78367;17,95358;56,85937
19,3281;12,05291;2,42317;23,89381
18,47113;6,92769;14,88402;68,22943
5,68468;13,81759;10,79784;37,58764
4,58488;8,5269;6,47338;35,39374
3,93988;10,50767;3,96814;58,60444
4,67773;13,13977;8,25016;55,1807
8,42456;9,93422;11,82991;44,67022
19,2781;1,9248;5,10017;61,71764
13,66549;3,96329;4,3338;34,27135
11,90443;14,98131;2,42776;43,75827
19,48071;2,32328;1,95384;29,74529
16,0752;3,23919;3,99358;68,89248
16,01752;5,92311;3,81499;49,07267
5,11324;2,49762;0,39476;50,59018
15,68629;15,88207;1,36755;49,17329
14,19723;2,64283;21,35721;33,75804
3,94309;12,45911;20,15833;13,03348
9,11374;4,30698;8,93677;53,28574
5,87431;2,51703;5,75774;50,2906
1,1628;5,1332;12,90081;39,36838
10,53646;2,169;14,34548;52,95469
12,67013;6,1708;2,94575;40,46461
0,00417;9,12019;3,03316;68,48547
2,55924;5,13416;8,89233;32,61946
15,07962;2,38382;8,4033;41,43148
6,43642;0,94642;9,2358;34,71535
14,6164;7,70329;10,54506;23,99378
10,64182;10,69399;18,86946;50,18214
10,41109;7,01391;14,93342;19,88108
4,71972;11,74603;5,19391;60,49636
4,61548;8,20519;11,03837;29,91338
1,76112;3,04202;5,65896;38,58954
1,6228;2,14071;8,6392;70,79011
1,07171;3,3717;8,86822;27,16814
11,38082;10,404;19,7304;66,86542
12,61852;12,15495;1,33783;64,58611
6,08515;7,38493;5,54434;31,15252
7,70814;5,94031;5,36348;37,58835
17,20582;2,97186;0,30666;38,12508
5,34982;2,32142;12,42241;55,13567
4,80012;9,31755;12,13271;62,73885
8,75654;2,68897;6,50299;40,83382
16,0651;4,57434;6,10374;54,99486
11,43701;11,52643;9,14515;55,87815
15,08256;8,60597;0,34934;60,97512
17,33204;4,74339;11,38431;48,9259
10,70986;5,02526;1,83155;50,42551
4,44808;9,11429;0,03502;44,53959
14,5696;0,18534;8,20003;73,91966
6,44128;13,67309;11,86366;48,33809
6,0913;3,26503;17,60922;59,2217
11,60507;9,23383;17,01687;19,72419
6,55816;0,14124;5,34637;19,57313
3,71446;10,80534;7,00274;25,77038
9,1122;5,12498;22,56837;34,87312
14,18015;4,87311;14,57941;42,67562
16,6706;3,01491;0,22114;56,5901
19,96554;10,84095;13,26387;49,32525
4,7067;6,13779;11,69156;36,40676
6,71989;8,60407;19,82575;36,89526
10,84851;4,22959;0,93257;47,29534
1,58054;1,59964;20,31837;30,04275
18,24806;1,88041;7,37485;49,68513
5,09761;8,4714;9,41857;33,8622
4,67458;1,44574;10,18153;50,77885
16,73396;13,15381;5,53155;46,86508
14,28467;8,36422;11,0237;46,10636
13,39388;8,45694;13,52854;46,00075
14,02265;9,05653;14,04679;42,30714
5,43335;3,94817;1,91589;21,35643
1,60412;7,2597;12,95512;10,48024
19,60515;2,74468;2,66907;43,66787
17,03588;0,30032;11,09796;47,35318
3,39197;0,45773;7,42443;41,2187
14,62541;5,44286;7,58854;54,5787
10,18046;3,11505;4,20353;19,74089
17,43294;7,46111;12,54014;46,81863
9,72962;0,54344;10,65629;45,29342
1,11929;4,53494;6,70317;62,17606
13,38635;3,64547;15,39897;38,16393
19,14252;3,29531;9,78396;44,71294
8,50157;6,20665;3,30376;32,22339
6,25672;7,00551;3,89947;54,97693
1,49981;11,34779;5,82573;28,30819
2,26577;5,90017;1,89366;37,16582
14,05558;6,55696;20,9229;40,1102
2,98547;15,80386;8,07849;42,70354
1,82944;9,18904;6,29541;34,20994
10,36698;7,15367;18,39362;14,23207
10,21713;8,65544;2,81431;32,47517
18,73481;9,24464;4,06073;30,80056
6,56467;10,11657;4,41915;37,00342
19,09237;3,86721;2,32363;34,859
13,30269;4,64756;11,06684;50,76419
8,44836;8,88863;1,96185;41,69134
11,45311;4,60402;18,2766;62,60188
16,11696;12,08945;0,38417;54,22797
8,96117;2,15986;22,23648;48,96336
3,94506;14,92915;1,28988;52,31651
13,3061;2,8312;2,23509;27,86999
2,41961;6,06912;1,22893;14,32354
12,84346;12,11965;4,05934;38,27117
9,60823;2,75076;14,48901;49,48183
16,33228;1,97197;0,94413;42,13156
4,88617;2,68474;8,88146;15,8713
5,10013;2,65234;18,00608;35,87668
14,40281;3,53213;14,1767;53,70086
17,29932;0,00091;14,84737;45,48872
10,24076;15,0906;8,85062;31,72156
8,70721;1,95261;0,31223;41,08411
10,22069;4,75481;17,23712;52,94333
19,52386;10,04249;5,59451;31,22727
10,30514;3,92949;19,6626;40,90231
1,62015;0,27866;1,97265;59,42151
6,55416;6,71338;10,74304;31,92745
5,68942;6,14689;0,3304;52,11797
8,58626;7,31144;5,12712;36,8166
12,75585;3,51193;22,19059;10,87768
11,49749;16,15855;3,05153;29,90952
19,49258;12,99002;5,41721;25,95674
18,19193;10,04806;19,7477;15,1606
11,80286;9,82597;16,24159;66,34347
9,07669;3,82492;15,46114;50,92527
6,11718;2,10753;9,70864;53,60745
1,07455;13,44581;1,28328;12,39049
2,85967;10,68485;9,15579;48,33436
2,90729;0,04145;0,77698;42,29244
1,53672;13,83064;20,13295;67,22427
18,60301;12,36469;15,28668;42,82947
11,90115;4,49385;16,55186;59,40507
16,18033;5,33793;7,34803;51,59468
0,64484;2,23362;3,68013;61,67583
3,46278;12,92191;6,66507;66,48468
18,07312;16,5486;2,82296;34,2843
17,97644;2,98134;3,56453;47,95631
14,21393;5,95202;2,50221;44,45667
2,88396;10,98365;8,85441;52,14879
18,81498;2,3808;4,472;36,7481
5,90806;5,82009;0,68781;38,66383
4,68189;2,20428;2,63683;60,06624
3,19765;1,62082;8,08003;36,7524
18,81058;5,5196;0,37096;17,65802
15,08976;11,08587;12,26392;56,36602
10,76698;6,84364;3,24338;29,24863
5,72028;10,11011;3,90682;52,39556
12,76711;3,06901;12,04843;47,57847
3,43673;7,40781;13,68895;33,55538
10,91083;5,63925;4,40258;44,56323
3,96617;3,9096;6,44336;17,24421
12,02217;8,25689;3,16498;34,80804
3,29134;1,49797;1,33647;40,55903
15,54956;7,24075;9,38508;41,48113
12,18818;5,77791;0,25385;36,16244
4,97895;1,47923;4,05626;52,03236
9,37786;7,65138;10,35198;38,15007
18,213;3,49127;8,58621;52,35526
15,24644;9,6844;2,40567;30,31744
1,36951;11,25251;5,91557;38,64297
13,08529;3,14267;9,54601;34,55393
15,45207;0,55403;8,46276;34,02917
9,80534;0,2913;12,56797;61,29425
10,34625;0,19252;5,71651;24,67248
13,07836;4,18444;3,72817;48,39557
5,59429;6,93676;6,97338;39,62548
6,85844;2,43996;12,5636;39,46252
2,40147;2,07342;2,5201;23,70551
12,23656;2,5574;5,17517;18,81529
16,32737;2,65383;15,74603;17,33891
5,58172;12,42859;9,59707;38,7351
5,11499;0,67347;5,48944;36,74989
10,9214;2,48181;4,11109;38,46208
11,11098;7,59294;0,42122;21,41619
8,51479;3,76225;8,07624;48,82551
2,73002;4,74199;1,56942;46,41127
6,57169;9,55907;11,55521;62,25248
4,41659;0,54972;11,96786;25,26733
8,07031;16,26265;5,83602;49,81093
9,55707;11,54705;8,76403;36,5854
9,62708;17,70079;19,38205;34,31329
15,7955;4,09509;12,16884;31,77604
14,37154;8,92157;18,39294;52,47847
7,20598;1,8742;15,61795;53,30429
5,77958;1,97157;18,01351;53,01899
12,77491;6,09595;0,5173;53,27564
14,41795;6,69841;4,3136;69,48554
15,64613;1,42784;8,17807;43,85323
14,55332;17,33555;14,00779;37,58427
12,5822;7,84861;20,1794;43,48919
12,579;9,02745;2,0872;19,2384
8,09476;2,37741;8,12664;43,0181
14,21233;11,52429;2,06882;27,72542
12,69731;15,07289;14,14947;65,61637
2,41606;7,68198;17,35644;52,56902
19,73335;1,30613;10,43785;41,37172
2,99657;3,50559;16,67447;39,2763
0,23317;11,67542;8,00689;47,82865
19,83242;3,86499;6,53603;35,46622
0,25221;4,80783;6,56514;43,24189
6,68596;3,00559;9,68663;66,71797
10,14438;18,01578;16,73177;50,92065
7,55145;1,58579;5,58978;47,73289
0,22318;6,56468;14,9448;49,77551
2,49262;4,64643;19,20193;43,64019
2,26395;10,26629;8,74768;53,46182
0,92287;3,94546;5,41295;64,85519
1,30037;2,65618;17,54355;27,50322
9,28121;0,7171;0,05478;13,62595
7,16812;5,21882;18,38468;45,54654
5,05713;3,27898;1,62165;54,60619
0,24916;3,06282;8,80991;50,05467
14,11738;16,27091;0,2113;69,60653
10,8694;9,55405;8,65933;32,84961
13,28797;7,82341;7,2281;32,86062
16,80322;5,26062;5,83886;49,41904
5,14435;12,28959;1,84812;19,2919
8,33767;5,01842;9,09743;37,98093
16,96303;12,13824;4,08222;39,59154
15,3497;1,4969;3,26764;36,09349
0,78764;0,76969;3,13117;36,14256
15,84942;13,3023;11,99075;40,35271
16,56267;13,24452;2,02337;32,49039
10,44253;15,52016;0,64762;48,77608
5,28791;4,47231;21,08192;74,39831
12,16512;0,27629;0,35235;32,78324
4,14683;1,74063;22,77675;44,46382
6,14385;16,91279;8,52892;37,21011
0,56189;3,79729;16,51046;53,11905
18,53473;14,72277;8,26693;54,32262
7,13006;6,67166;11,24125;41,14162
19,19358;1,13234;1,99366;50,31218
4,39151;0,10305;11,59372;39,75749
7,5313;18,34296;8,35031;57,4263
3,38471;15,4706;5,31974;16,26047
16,00708;15,0544;6,23221;30,24227
4,94107;6,77092;11,47633;47,24325
10,7127;12,59905;10,93751;32,24353
17,67213;10,65545;13,03268;27,48315
13,50097;15,24863;2,3663;35,62546
1,6026;6,8054;3,57015;32,05699
15,11153;8,46281;10,39645;56,72516
9,40216;10,66524;3,24076;56,70963
13,74706;16,47805;18,18881;19,61843
2,16934;8,23201;6,55791;36,23532
18,55308;1,6085;22,56193;62,88823
1,72055;0,50134;20,48264;49,78323
2,4544;0,49942;16,31915;31,62969
6,33728;17,14392;18,34988;48,92182
13,80144;2,06077;2,28165;50,3689
1,92473;4,75958;11,29138;48,35893
1,27946;8,99112;8,36388;28,06771
5,53492;7,63664;11,32192;42,9833
11,5338;0,36117;17,10147;62,92182
3,20747;8,48795;10,98195;29,82397
3,96444;3,98448;10,88678;49,2098
9,08106;13,09674;4,29719;40,43395
12,14274;0,96134;12,88545;50,47479
17,72884;7,5394;2,74637;45,10238
6,3037;4,46602;14,74172;41,17325
6,6708;12,74868;16,55395;29,75487
16,36677;3,23841;22,26724;41,85289
11,01626;8,41099;3,36232;43,29601
19,93832;3,23301;4,85348;27,31887
17,18962;9,57515;7,76721;37,74801
4,74896;17,29404;9,77782;26,8815
7,69256;2,8479;13,91375;28,50493
19,97877;3,57581;0,02765;35,35493
13,85558;13,82632;9,88483;44,54291
15,92364;11,55092;14,22639;36,11243
18,53234;17,03454;3,83235;35,07909
16,45572;3,99504;16,52115;38,68705
15,68965;8,34699;9,01886;66,38102
13,73129;6,79062;6,64566;58,74706
18,84634;5,78288;9,0843;55,4237
19,59898;3,42053;1,26433;46,81315
15,3142;0,33506;4,14501;49,35233
13,16157;0,84093;0,13532;37,46083
8,19395;13,53003;4,30349;42,01939
8,94453;7,93876;10,52333;44,4247
13,07957;5,1925;1,95535;38,34091
15,12434;9,28649;10,5057;13,99236
1,42388;3,33279;7,41893;25,02977
16,26974;5,78425;2,65872;18,64337
7,51877;6,25322;13,62248;49,49142
0,04903;2,19139;9,5509;41,40215
1,04291;6,91803;10,39863;57,73659
12,35664;11,77839;15,3774;43,58869
12,13034;8,02078;5,23809;55,10417
10,31191;2,41287;14,16628;69,88305
0,91282;2,73828;3,61066;54,8236
7,58337;4,59964;20,43213;51,11504
8,4893;11,75003;9,08655;20,27063
11,49161;8,44647;10,68982;48,88374
11,27541;14,83518;7,82603;16,93986
16,34373;4,65579;0,50454;55,40584
5,68625;1,1068;2,04532;50,13244
2,45276;3,5352;5,04855;53,6378
15,1056;6,34035;10,56412;49,61439
15,29486;2,3762;5,6363;65,19817
16,09455;4,33668;1,35744;32,9536
4,25772;2,63868;0,5311;41,33525
5,79279;18,31568;5,6629;46,3048
5,43304;12,99186;1,99505;35,06975
17,46569;8,49969;7,95192;49,70413
17,90644;9,66794;9,55454;37,44463
16,15018;2,21561;0,38283;66,72058
7,99765;4,34337;16,40434;35,76052
11,35273;1,2974;2,33993;45,57409
0,90445;15,74739;7,59149;45,70773
8,75234;0,45163;10,09525;43,55778
4,20317;10,31925;9,11147;47,12443
7,86191;0,49871;5,2758;41,12973
12,65902;17,20879;18,68206;46,41725
17,60085;9,34008;21,19468;54,5291
8,79942;3,52617;6,29802;16,32804
6,73234;12,75924;18,35042;28,40977
18,70333;8,37173;1,75925;49,51271
11,11807;4,45964;5,23336;55,61473
7,45982;2,76205;10,26257;37,15877
4,74385;1,80674;4,26962;19,06251
3,74891;11,02323;2,54778;19,61082
6,46902;8,95488;5,70898;69,82091
7,99786;6,38698;3,75053;35,76644
19,45293;5,83627;13,6214;41,25647
3,56608;4,44702;13,58443;45,86121
5,21146;1,72261;8,84637;37,90371
15,41162;5,30964;1,75443;71,59354
19,25687;5,3233;17,40366;28,26019
5,69261;11,35967;7,27733;37,16041
0,27398;13,86414;12,17357;25,80322
0,75648;13,82277;8,08824;44,16538
9,78589;5,30478;14,64025;52,58502
8,97042;4,39066;0,63012;48,50283
4,2623;7,61441;7,27317;33,4333
13,84589;12,85825;3,87957;48,00785
6,62357;8,34197;1,31363;23,44509
11,9105;8,33637;1,92063;52,8527
9,09368;7,81039;5,86627;54,73376
9,78034;3,18093;4,93651;64,96565
4,35522;9,92436;3,70787;67,69252
19,88586;1,943;3,28018;36,86484
6,95943;4,3455;2,73306;15,10925
19,3044;0,94829;18,12001;35,93446
11,94455;10,90345;16,59388;43,1605
1,15265;1,03287;15,25755;50,72725
2,61555;17,16641;9,97062;26,49068
12,99189;1,03829;1,09185;29,66852
4,43832;15,15418;4,94741;60,30694
1,69944;15,15143;14,28469;30,72582
7,00153;1,2613;7,76553;34,23771
9,2592;7,04885;15,18362;41,14262
0,9992;3,7265;3,12409;56,34686
8,92456;7,58667;2,20439;15,03775
2,18722;15,31458;5,08453;47,37688
16,20671;8,60627;15,94775;55,61471
19,26675;6,30041;4,69493;37,89005
14,14157;1,44547;16,80066;58,54035
7,64789;6,26195;1,40891;59,35457
17,28835;14,3892;6,86947;39,8052
16,04648;6,91821;3,78919;44,34333
3,91295;0,09111;3,4521;16,53798
17,86735;1,90453;8,18091;23,47272
10,8093;3,69593;5,46416;20,93593
4,32706;4,25135;14,96156;20,57423
10,21176;2,74173;1,69204;41,53063
1,26924;3,44606;14,7418;52,67342
13,25174;4,23972;12,70484;46,71222
16,62569;5,93211;12,59482;21,81152
9,41157;7,33063;13,86788;25,99261
10,47641;3,50595;9,74341;17,5067
16,42886;15,43868;17,07284;67,12832
4,66152;9,1476;5,11986;22,61759
0,10442;19,09665;13,90902;36,96674
13,89846;8,78671;5,5107;43,76257
8,46685;2,75055;4,42521;42,80981
5,35727;7,76759;10,39438;47,53201
9,74695;1,71608;3,23917;43,74872
18,6474;6,59426;3,82287;24,10931
8,6151;15,29891;7,24676;49,06712
3,16892;1,81634;1,96444;34,25665
0,13465;10,94493;1,72297;58,1052
14,78141;0,23081;2,52043;25,99484
5,88453;1,30114;15,89193;32,62671
18,74357;2,64596;2,68537;42,43443
1,7042;8,74475;3,10099;31,63076
10,87673;4,50729;5,88035;63,3456
11,51398;0,98379;10,06331;62,75702
13,90537;0,4642;2,31686;44,38172
6,664;1,14205;16,42894;40,31778
10,92771;9,59212;6,39596;48,27888
15,2648;12,6799;14,26819;32,22218
2,96963;11,45063;21,60816;42,36806
10,95277;15,48825;4,87857;34,21421
2,57492;7,69585;5,61002;27,15749
15,54351;13,91736;19,35762;10,73731
0,38504;16,64798;7,36879;34,05202
15,02628;6,31884;2,48188;26,29517
6,66149;3,47392;8,39115;44,09424
13,35262;1,1011;2,85874;23,91089
14,70397;11,44814;5,69642;49,49735
13,47225;7,94412;0,86446;35,35971
18,11742;7,74987;8,57462;48,20178
0,06953;3,14063;2,48111;49,331
18,88098;8,89995;14,1465;39,3148
3,45332;10,21668;10,24232;22,29749
8,1722;11,48482;12,1085;18,23424
9,05365;11,83141;16,62106;56,53656
6,89937;6,47509;5,26739;34,56586
1,97817;4,34541;19,2226;31,81927
17,89537;12,14208;20,44023;25,77468
1,0815;0,83686;8,76338;45,03233
6,7259;0,83339;2,88347;37,82582
2,00075;1,00248;10,63833;40,74337
13,06538;7,44149;15,29993;53,31451
13,61008;5,29004;14,5453;35,12469
19,59363;3,86071;3,14624;22,65749
17,34771;4,7863;1,49739;33,21138
10,36641;8,15382;4,61176;60,15948
3,86827;5,39289;4,08596;51,07891
15,6129;7,87699;4,39566;42,82928
6,4738;13,78284;0,36796;46,81918
4,91345;16,33571;8,62875;50,36996
15,77638;10,64298;15,10023;66,06037
15,71039;1,40403;18,07442;47,18154
5,04557;2,89111;21,31452;30,02731
9,10542;2,11862;4,94649;58,2074
0,69385;12,9637;3,74861;37,75173
9,89633;12,60439;7,58004;46,85696
17,35306;7,41506;12,19125;38,21146
12,80647;7,10167;11,85393;33,50046
1,99506;8,75827;6,94601;48,14595
1,85987;0,99261;5,97613;26,92928
16,54969;8,9218;2,21787;59,25021
14,85535;11,48854;1,96509;58,09579
13,47322;13,63925;2,60594;24,86704
9,89251;3,73156;8,03315;56,33892
3,72027;7,88168;1,45592;56,32653
15,90295;7,30678;17,35934;57,11973
1,57249;6,72621;1,79429;60,78597
14,13969;7,16113;6,12932;41,82527
15,77707;18,00598;13,11673;65,05038
2,57796;6,81911;0,20558;27,14879
1,4481;11,45633;13,48155;19,61855
0,18052;5,62836;3,93433;51,41439
12,1841;15,20982;1,56328;65,13644
12,98061;6,05311;5,07473;33,36519
16,85468;3,95061;7,33131;37,45088
8,93561;3,79181;4,12299;33,40855
10,5095;5,65229;13,40462;60,19155
13,50462;10,98582;6,00419;30,55512
13,86271;10,22317;4,66443;42,35638
2,90302;1,97038;15,98456;47,55711
0,80595;7,6397;20,04501;67,29217
16,98717;14,40527;1,34358;61,83963
18,40303;8,90795;2,11512;42,27708
18,72236;14,11969;2,92844;39,94896
8,8194;0,62968;14,28041;31,1706
12,1871;5,15857;3,42156;54,22504
7,63958;17,41038;6,94039;52,43945
16,06699;2,47122;17,01681;31,48045
18,0257;6,69276;17,15491;47,07818
14,59113;11,28121;3,53879;51,00244
5,17014;4,6871;8,0308;39,17984
12,86437;6,71359;9,75018;60,36453
0,49556;6,14835;0,82563;19,34077
8,54832;19,38039;4,18535;26,39843
10,05532;5,87983;2,61625;25,37789
16,84452;1,18713;0,80717;39,7832
6,5875;10,26191;5,17251;53,71082
10,73255;9,94213;11,90845;48,04211
9,67558;0,01645;0,21187;30,64715
3,41659;12,08971;17,53508;44,07742
3,46896;5,12041;7,73869;52,87033
4,93318;4,27215;0,28807;46,37915
6,41641;8,29565;1,6412;34,20266
9,8736;2,57155;18,48418;39,65768
12,46557;8,68232;3,95087;37,30723
18,17383;8,52914;23,2499;36,04983
8,18166;12,46911;4,80447;34,84627
15,92526;2,4858;4,51146;41,03444
15,2385;13,5108;6,28884;22,65857
8,15928;2,9;7,19487;36,71365
12,73495;5,49667;0,67761;58,55739
0,55891;0,5757;0,01511;21,43714
18,78996;9,13034;10,53667;41,99815
12,05049;9,50587;4,20821;19,16167
15,86924;1,371;4,0948;28,54145
5,22867;2,17475;2,5414;39,06209
9,29682;2,00794;0,4038;34,751
6,56775;5,88704;11,16045;41,45768
13,40449;8,77643;11,37437;27,88787
13,37258;13,04457;0,07663;39,54128
4,77234;1,5705;5,88641;52,34223
9,42197;5,18275;0,07302;51,26168
7,01348;3,67326;8,48114;32,45999
16,25798;2,22829;4,10517;43,3979
16,55606;8,00025;6,4251;54,44133
12,07403;1,57984;21,77701;28,98632
3,87576;5,83456;12,7701;34,42815
15,15497;6,35611;6,89025;49,72277
9,63179;3,32072;6,77909;62,1422
13,82237;0,47818;1,94127;41,92113
0,15965;13,91818;16,63351;28,36283
9,83797;5,74103;9,49512;33,27134
11,77368;0,33163;21,30226;50,5213
7,2186;0,87505;15,14063;38,37922
18,33249;2,08981;1,90424;42,79827
3,41548;5,17622;7,97094;28,90316
1,52055;10,06095;1,21292;56,37533
4,81128;2,94367;5,46958;33,10466
8,29889;4,31712;7,1939;27,20126
13,48785;3,61474;2,52525;51,01212
4,97818;0,44072;7,63502;18,22853
17,21783;9,8112;16,20623;43,47682
2,36719;3,93562;8,0316;49,9299
19,6333;0,60869;20,69866;54,73172
11,44985;1,58495;7,17568;40,55739
12,52453;15,6402;1,0961;50,41841
14,044;1,56286;11,55124;51,06998
17,22198;5,42361;5,0646;64,13547
17,89493;13,60725;3,75033;57,77084
7,01471;1,04945;0,48805;41,40227
10,6569;16,53504;1,96793;30,79432
7,55821;5,11758;7,69155;43,38036
12,21565;12,30026;9,67795;34,9727
17,22498;7,00161;10,67914;33,8111
9,80522;3,10397;16,67608;47,46717
14,35075;12,25916;2,2575;55,57386
5,37194;5,4279;12,44258;54,37196
3,32966;18,23149;1,88479;64,3558
9,63899;3,13337;12,55793;17,71083
16,51135;13,35404;6,37599;35,24477
2,32443;2,68753;4,23905;23,63417
13,85329;2,7987;3,73227;55,2846
2,96599;14,02774;8,0349;21,06881
7,28127;7,78344;0,56181;61,43154
1,80561;4,1225;17,4104;54,83258
1,7113;8,43599;9,30325;66,39254
5,18694;1,86048;19,12485;62,24539
9,68602;3,96187;4,43451;30,0481
14,91899;12,93967;8,36274;43,35634
1,57874;8,07122;8,98143;68,72854
6,05879;4,86137;12,15601;21,71665
18,3182;1,97613;11,91283;53,34247
12,56656;7,11638;11,07632;27,81287
18,58723;4,50885;5,97389;49,05781
15,28615;7,12742;11,02419;24,1583
17,44843;4,44897;1,44848;46,0645
11,70421;3,9665;1,936;42,14519
18,34995;10,10198;21,64108;37,09099
11,94086;3,3993;12,90051;31,92863
5,4645;10,29133;6,65784;36,0253
10,42539;1,77213;11,06921;51,60051
8,31481;7,84722;6,01608;35,20144
7,70967;7,47575;0,89547;17,75165
15,63852;0,16513;6,50503;60,95748
1,87283;12,3401;7,03522;40,0736
0,44572;0,88656;16,08451;43,0889
13,97001;11,91699;0,3474;48,88451
3,22227;1,48653;6,05718;51,31603
16,97844;1,76059;1,66389;39,59546
5,23196;3,12433;13,08609;47,13272
2,69399;0,97756;4,6708;41,12272
8,87069;6,35847;2,95469;38,46655
6,03127;7,63731;10,42155;67,59118
7,02576;18,52446;4,80824;38,16652
11,1804;9,30999;2,38831;23,15286
8,39344;5,94624;5,68092;24,99349
9,07363;13,29982;0,85207;15,68108
10,7079;1,08111;11,26547;30,19794
0,61488;5,76242;2,19565;54,00441
18,83464;4,03032;4,75901;33,72497
5,12535;15,25759;14,21783;52,30865
9,68152;5,14998;0,33749;16,33134
18,45829;11,81185;8,22939;38,38905
10,88065;9,03599;11,71967;19,82709
10,23615;5,49555;15,77491;22,12506
5,19399;7,76848;7,15728;41,00119
14,66309;10,09526;2,46435;43,44865
17,59611;7,3479;15,0527;17,7087
14,36612;1,27419;11,45249;45,39377
6,98695;8,46895;2,40983;38,27989
1,71789;7,95634;12,83514;33,33344
9,48795;9,79492;5,91973;58,10582
7,09433;4,80515;16,7166;32,73764
5,27445;17,73203;12,4333;44,08145
8,52018;11,94466;12,63754;31,99182
5,89767;6,97981;1,84747;12,30123
2,15562;18,47353;8,39745;56,67863
4,04926;7,38169;1,44145;47,98301
18,07708;4,65563;10,4817;26,41316
12,72163;5,10358;11,3253;38,01266
10,80539;10,47226;7,15969;55,45851
5,71719;5,11214;15,79065;47,81358
19,0343;1,0487;21,78018;43,84179
16,45953;7,09843;9,91753;33,69813
14,01266;4,26921;1,8444;21,43938
17,05972;0,4215;12,3959;38,67872
1,0332;16,35989;6,43861;36,06356
4,59098;3,99161;9,17678;68,10905
3,48118;3,87704;2,57738;34,21098
6,52456;6,6727;13,26355;43,39144
3,89595;1,40725;0,12705;37,21068
2,28026;0,04228;6,95937;53,15281
1,49862;0,52291;1,43103;58,55194
2,84447;5,57192;7,78591;44,30937
10,63886;10,18086;1,01998;46,88308
15,40908;0,21388;17,43764;49,17022
9,61402;17,73926;2,39105;46,87402
4,98415;3,16405;20,42661;36,57814
14,31378;11,53518;7,79674;48,34304
9,93763;9,76743;10,23269;42,61307
16,14322;10,76068;9,06674;72,90187
13,41525;9,71104;7,6548;13,74882
8,67769;9,75972;18,05614;51,69912
17,59359;6,26548;5,11669;49,73653
12,50248;8,73772;22,18334;31,8417
12,71955;10,86912;10,78611;48,99508
12,69036;8,69523;8,22233;15,70082
17,88937;6,92321;3,47695;35,29348
8,37027;12,55512;0,33345;54,19076
15,52021;4,8359;13,38759;71,48431
18,84015;18,42214;10,2397;41,5005
6,46749;13,63946;1,15706;26,58455
15,67709;1,58586;6,78474;52,37937
17,74116;11,98904;6,18275;49,41104
15,29796;3,59895;6,41766;63,66266
19,77395;1,77888;1,19951;47,61166
11,4235;4,40205;3,2311;51,24068
15,19467;0,05731;23,19225;37,42541
11,89927;5,1767;5,57456;55,67214
6,05991;5,35066;3,30735;16,67773
9,32622;4,03612;0,23611;43,44348
11,49696;2,40765;13,13105;55,67545
19,95434;3,19523;2,82628;69,54291
12,71135;1,22246;6,23159;44,00522
10,29235;5,70637;13,96133;36,4841
7,31196;10,96087;4,11811;35,83072
15,88649;6,49108;1,87147;35,73935
19,9069;8,14175;22,9453;38,80332
1,72178;11,94656;0,28397;55,45557
0,92326;6,01512;3,29162;42,78636
18,69854;1,33496;22,47311;39,76352
10,60386;2,92957;1,45519;30,0275
15,63766;0,83253;9,21611;38,7851
10,13411;6,05515;6,58095;34,10455
